-- SQL DUMP GENERATED FOR NEON POSTGRES
-- Run this in the Neon SQL Editor

BEGIN;

-- Data for partner_partner
INSERT INTO partner_partner ("id", "code", "name") VALUES (1, 'skintech', 'SkinTech') ON CONFLICT DO NOTHING;

-- Data for catalogue_productclass
INSERT INTO catalogue_productclass ("id", "name", "slug", "requires_shipping", "track_stock") VALUES (1, 'Skincare Product', 'skincare-product', TRUE, TRUE) ON CONFLICT DO NOTHING;

-- Data for catalogue_category
INSERT INTO catalogue_category ("id", "path", "depth", "numchild", "name", "code", "description", "long_description", "meta_title", "meta_description", "image", "slug", "exclude_from_menu", "is_public", "ancestors_are_public") VALUES (1, '0001', 1, 0, 'Cleanser', '', '', '', NULL, NULL, '', 'cleanser', FALSE, TRUE, TRUE) ON CONFLICT DO NOTHING;
INSERT INTO catalogue_category ("id", "path", "depth", "numchild", "name", "code", "description", "long_description", "meta_title", "meta_description", "image", "slug", "exclude_from_menu", "is_public", "ancestors_are_public") VALUES (2, '0002', 1, 0, 'Moisturiser', '', '', '', NULL, NULL, '', 'moisturiser', FALSE, TRUE, TRUE) ON CONFLICT DO NOTHING;
INSERT INTO catalogue_category ("id", "path", "depth", "numchild", "name", "code", "description", "long_description", "meta_title", "meta_description", "image", "slug", "exclude_from_menu", "is_public", "ancestors_are_public") VALUES (3, '0003', 1, 0, 'Sunscreen', '', '', '', NULL, NULL, '', 'sunscreen', FALSE, TRUE, TRUE) ON CONFLICT DO NOTHING;
INSERT INTO catalogue_category ("id", "path", "depth", "numchild", "name", "code", "description", "long_description", "meta_title", "meta_description", "image", "slug", "exclude_from_menu", "is_public", "ancestors_are_public") VALUES (4, '0004', 1, 0, 'Toner', '', '', '', NULL, NULL, '', 'toner', FALSE, TRUE, TRUE) ON CONFLICT DO NOTHING;

-- Data for catalogue_product
INSERT INTO catalogue_product ("id", "structure", "is_public", "upc", "parent_id", "title", "slug", "description", "meta_title", "meta_description", "priority", "product_class_id", "rating", "date_created", "date_updated", "is_discountable", "code", "brand") VALUES (15, 'standalone', TRUE, '', NULL, 'Glow Tonic', 'pixi-glow-tonic', 'Exfoliating toner with glycolic acid and aloe', NULL, NULL, 0, 1, NULL, '2026-01-30 14:18:51.672000+00:00', '2026-01-30 21:45:33.663000+00:00', TRUE, NULL, 'Pixi') ON CONFLICT DO NOTHING;
INSERT INTO catalogue_product ("id", "structure", "is_public", "upc", "parent_id", "title", "slug", "description", "meta_title", "meta_description", "priority", "product_class_id", "rating", "date_created", "date_updated", "is_discountable", "code", "brand") VALUES (14, 'standalone', TRUE, '', NULL, 'The Ordinary - Glycolic Acid 7% Toning Solution', 'the-ordinary-glycolic-acid-7-toning-solution', 'Exfoliating toner with glycolic acid', NULL, NULL, 0, 1, NULL, '2026-01-30 14:18:51.652000+00:00', '2026-01-30 21:45:55.202000+00:00', TRUE, NULL, 'The Ordinary') ON CONFLICT DO NOTHING;
INSERT INTO catalogue_product ("id", "structure", "is_public", "upc", "parent_id", "title", "slug", "description", "meta_title", "meta_description", "priority", "product_class_id", "rating", "date_created", "date_updated", "is_discountable", "code", "brand") VALUES (13, 'standalone', TRUE, '', NULL, '2% BHA Liquid Exfoliant', 'paulas-choice-2-bha-liquid-exfoliant', 'Gentle exfoliant with salicylic acid', NULL, NULL, 0, 1, NULL, '2026-01-30 14:18:51.601000+00:00', '2026-01-30 21:47:59.341000+00:00', TRUE, NULL, 'Paula''s Choice') ON CONFLICT DO NOTHING;
INSERT INTO catalogue_product ("id", "structure", "is_public", "upc", "parent_id", "title", "slug", "description", "meta_title", "meta_description", "priority", "product_class_id", "rating", "date_created", "date_updated", "is_discountable", "code", "brand") VALUES (12, 'standalone', TRUE, '', NULL, 'Sun UV Face Shine Control SPF 50', 'nivea-sun-uv-face-shine-control-spf-50', 'Mattifying sun protection with shine control', NULL, NULL, 0, 1, NULL, '2026-01-30 14:18:51.580000+00:00', '2026-01-30 21:48:16.718000+00:00', TRUE, NULL, 'Nivea') ON CONFLICT DO NOTHING;
INSERT INTO catalogue_product ("id", "structure", "is_public", "upc", "parent_id", "title", "slug", "description", "meta_title", "meta_description", "priority", "product_class_id", "rating", "date_created", "date_updated", "is_discountable", "code", "brand") VALUES (11, 'standalone', TRUE, '', NULL, 'Photoderm MAX SPF 50+', 'bioderma-photoderm-max-spf-50', 'Maximum UVA/UVB protection', NULL, NULL, 0, 1, NULL, '2026-01-30 14:18:51.558000+00:00', '2026-01-30 21:49:21.592000+00:00', TRUE, NULL, 'Bioderma') ON CONFLICT DO NOTHING;
INSERT INTO catalogue_product ("id", "structure", "is_public", "upc", "parent_id", "title", "slug", "description", "meta_title", "meta_description", "priority", "product_class_id", "rating", "date_created", "date_updated", "is_discountable", "code", "brand") VALUES (10, 'standalone', TRUE, '', NULL, 'Oil Control Sun Gel-Cream SPF 50+', 'eucerin-oil-control-sun-gel-cream-spf-50', 'Mattifying sun protection for oily skin', NULL, NULL, 0, 1, NULL, '2026-01-30 14:18:51.537000+00:00', '2026-01-30 21:49:30.215000+00:00', TRUE, NULL, 'Eucerin') ON CONFLICT DO NOTHING;
INSERT INTO catalogue_product ("id", "structure", "is_public", "upc", "parent_id", "title", "slug", "description", "meta_title", "meta_description", "priority", "product_class_id", "rating", "date_created", "date_updated", "is_discountable", "code", "brand") VALUES (9, 'standalone', TRUE, '', NULL, 'Anthelios Ultra-Light SPF 50+', 'la-roche-posay-anthelios-ultra-light-spf-50', 'Very high protection sunscreen, lightweight texture', NULL, NULL, 0, 1, NULL, '2026-01-30 14:18:51.516000+00:00', '2026-01-30 21:49:44.538000+00:00', TRUE, NULL, 'La Roche-Posay') ON CONFLICT DO NOTHING;
INSERT INTO catalogue_product ("id", "structure", "is_public", "upc", "parent_id", "title", "slug", "description", "meta_title", "meta_description", "priority", "product_class_id", "rating", "date_created", "date_updated", "is_discountable", "code", "brand") VALUES (8, 'standalone', TRUE, '', NULL, 'Natural Moisturizing Factors + HA', 'the-ordinary-natural-moisturizing-factors-ha', 'Light moisturizer with amino acids and hyaluronic acid', NULL, NULL, 0, 1, NULL, '2026-01-30 14:18:51.495000+00:00', '2026-01-30 21:50:02.871000+00:00', TRUE, NULL, 'The Ordinary ') ON CONFLICT DO NOTHING;
INSERT INTO catalogue_product ("id", "structure", "is_public", "upc", "parent_id", "title", "slug", "description", "meta_title", "meta_description", "priority", "product_class_id", "rating", "date_created", "date_updated", "is_discountable", "code", "brand") VALUES (7, 'standalone', TRUE, '', NULL, 'Neutrogena - Hydro Boost Water Gel', 'neutrogena-hydro-boost-water-gel', 'Oil-free gel-cream with hyaluronic acid', NULL, NULL, 0, 1, NULL, '2026-01-30 14:18:51.473000+00:00', '2026-01-30 21:51:16.757000+00:00', TRUE, NULL, '') ON CONFLICT DO NOTHING;
INSERT INTO catalogue_product ("id", "structure", "is_public", "upc", "parent_id", "title", "slug", "description", "meta_title", "meta_description", "priority", "product_class_id", "rating", "date_created", "date_updated", "is_discountable", "code", "brand") VALUES (6, 'standalone', TRUE, '', NULL, 'La Roche-Posay - Toleriane Sensitive Rich Cream', 'la-roche-posay-toleriane-sensitive-rich-cream', 'Soothing moisturizer for sensitive skin', NULL, NULL, 0, 1, NULL, '2026-01-30 14:18:51.453000+00:00', '2026-01-30 14:18:51.453000+00:00', TRUE, NULL, NULL) ON CONFLICT DO NOTHING;
INSERT INTO catalogue_product ("id", "structure", "is_public", "upc", "parent_id", "title", "slug", "description", "meta_title", "meta_description", "priority", "product_class_id", "rating", "date_created", "date_updated", "is_discountable", "code", "brand") VALUES (5, 'standalone', TRUE, '', NULL, 'CeraVe - Moisturising Cream', 'cerave-moisturising-cream', 'Daily moisturizer with ceramides for dry skin', NULL, NULL, 0, 1, NULL, '2026-01-30 14:18:51.432000+00:00', '2026-01-30 14:18:51.432000+00:00', TRUE, NULL, NULL) ON CONFLICT DO NOTHING;
INSERT INTO catalogue_product ("id", "structure", "is_public", "upc", "parent_id", "title", "slug", "description", "meta_title", "meta_description", "priority", "product_class_id", "rating", "date_created", "date_updated", "is_discountable", "code", "brand") VALUES (4, 'standalone', TRUE, '', NULL, 'Cetaphil - Gentle Skin Cleanser', 'cetaphil-gentle-skin-cleanser', 'Mild, non-irritating formula for sensitive skin', NULL, NULL, 0, 1, NULL, '2026-01-30 14:18:51.411000+00:00', '2026-01-30 14:18:51.411000+00:00', TRUE, NULL, NULL) ON CONFLICT DO NOTHING;
INSERT INTO catalogue_product ("id", "structure", "is_public", "upc", "parent_id", "title", "slug", "description", "meta_title", "meta_description", "priority", "product_class_id", "rating", "date_created", "date_updated", "is_discountable", "code", "brand") VALUES (3, 'standalone', TRUE, '', NULL, 'The Ordinary - Squalane Cleanser', 'the-ordinary-squalane-cleanser', 'Gentle cleansing balm with squalane', NULL, NULL, 0, 1, NULL, '2026-01-30 14:18:51.389000+00:00', '2026-01-30 14:18:51.389000+00:00', TRUE, NULL, NULL) ON CONFLICT DO NOTHING;
INSERT INTO catalogue_product ("id", "structure", "is_public", "upc", "parent_id", "title", "slug", "description", "meta_title", "meta_description", "priority", "product_class_id", "rating", "date_created", "date_updated", "is_discountable", "code", "brand") VALUES (2, 'standalone', TRUE, '', NULL, 'La Roche-Posay - Effaclar Gel Cleanser', 'la-roche-posay-effaclar-gel-cleanser', 'Purifying foaming gel for oily sensitive skin', NULL, NULL, 0, 1, NULL, '2026-01-30 14:18:51.369000+00:00', '2026-01-30 14:18:51.369000+00:00', TRUE, NULL, NULL) ON CONFLICT DO NOTHING;
INSERT INTO catalogue_product ("id", "structure", "is_public", "upc", "parent_id", "title", "slug", "description", "meta_title", "meta_description", "priority", "product_class_id", "rating", "date_created", "date_updated", "is_discountable", "code", "brand") VALUES (1, 'standalone', TRUE, '', NULL, 'CeraVe - Hydrating Cleanser', 'cerave-hydrating-cleanser', 'Gentle hydrating cleanser with ceramides and hyaluronic acid', NULL, NULL, 0, 1, NULL, '2026-01-30 14:18:51.345000+00:00', '2026-01-30 14:18:51.345000+00:00', TRUE, NULL, NULL) ON CONFLICT DO NOTHING;

-- Data for catalogue_productcategory
INSERT INTO catalogue_productcategory ("id", "product_id", "category_id") VALUES (34, 15, 4) ON CONFLICT DO NOTHING;
INSERT INTO catalogue_productcategory ("id", "product_id", "category_id") VALUES (35, 14, 4) ON CONFLICT DO NOTHING;
INSERT INTO catalogue_productcategory ("id", "product_id", "category_id") VALUES (36, 13, 4) ON CONFLICT DO NOTHING;
INSERT INTO catalogue_productcategory ("id", "product_id", "category_id") VALUES (37, 12, 3) ON CONFLICT DO NOTHING;
INSERT INTO catalogue_productcategory ("id", "product_id", "category_id") VALUES (38, 11, 3) ON CONFLICT DO NOTHING;
INSERT INTO catalogue_productcategory ("id", "product_id", "category_id") VALUES (39, 10, 3) ON CONFLICT DO NOTHING;
INSERT INTO catalogue_productcategory ("id", "product_id", "category_id") VALUES (40, 9, 3) ON CONFLICT DO NOTHING;
INSERT INTO catalogue_productcategory ("id", "product_id", "category_id") VALUES (41, 8, 2) ON CONFLICT DO NOTHING;
INSERT INTO catalogue_productcategory ("id", "product_id", "category_id") VALUES (43, 7, 2) ON CONFLICT DO NOTHING;
INSERT INTO catalogue_productcategory ("id", "product_id", "category_id") VALUES (6, 6, 2) ON CONFLICT DO NOTHING;
INSERT INTO catalogue_productcategory ("id", "product_id", "category_id") VALUES (5, 5, 2) ON CONFLICT DO NOTHING;
INSERT INTO catalogue_productcategory ("id", "product_id", "category_id") VALUES (4, 4, 1) ON CONFLICT DO NOTHING;
INSERT INTO catalogue_productcategory ("id", "product_id", "category_id") VALUES (3, 3, 1) ON CONFLICT DO NOTHING;
INSERT INTO catalogue_productcategory ("id", "product_id", "category_id") VALUES (2, 2, 1) ON CONFLICT DO NOTHING;
INSERT INTO catalogue_productcategory ("id", "product_id", "category_id") VALUES (1, 1, 1) ON CONFLICT DO NOTHING;

-- Data for catalogue_productimage
INSERT INTO catalogue_productimage ("id", "product_id", "code", "original", "caption", "display_order", "date_created") VALUES (4, 15, '', 'images/products/2026/01/Pixi_Glow_Tonic.jpg', '', 0, '2026-01-30 21:45:33.690000+00:00') ON CONFLICT DO NOTHING;
INSERT INTO catalogue_productimage ("id", "product_id", "code", "original", "caption", "display_order", "date_created") VALUES (5, 14, '', 'images/products/2026/01/The_Ordinary_Glycolic_Acid_7_Toner.jpg', '', 0, '2026-01-30 21:45:55.213000+00:00') ON CONFLICT DO NOTHING;
INSERT INTO catalogue_productimage ("id", "product_id", "code", "original", "caption", "display_order", "date_created") VALUES (6, 13, '', 'images/products/2026/01/Paulas_Choice_Skin_Perfecting_2_BHA.jpg', '', 0, '2026-01-30 21:47:59.350000+00:00') ON CONFLICT DO NOTHING;
INSERT INTO catalogue_productimage ("id", "product_id", "code", "original", "caption", "display_order", "date_created") VALUES (7, 12, '', 'images/products/2026/01/Nivea_Sun_UV_Face_SPF_50.jpg', '', 0, '2026-01-30 21:48:16.728000+00:00') ON CONFLICT DO NOTHING;
INSERT INTO catalogue_productimage ("id", "product_id", "code", "original", "caption", "display_order", "date_created") VALUES (8, 11, '', 'images/products/2026/01/Bioderma_Photoderm_SPF_50.jpg', '', 0, '2026-01-30 21:49:21.600000+00:00') ON CONFLICT DO NOTHING;
INSERT INTO catalogue_productimage ("id", "product_id", "code", "original", "caption", "display_order", "date_created") VALUES (9, 10, '', 'images/products/2026/01/Eucerin_Oil_Control_SPF_50.jpg', '', 0, '2026-01-30 21:49:30.224000+00:00') ON CONFLICT DO NOTHING;
INSERT INTO catalogue_productimage ("id", "product_id", "code", "original", "caption", "display_order", "date_created") VALUES (10, 9, '', 'images/products/2026/01/La_Roche-Posay_Anthelios_SPF_50.jpg', '', 0, '2026-01-30 21:49:44.550000+00:00') ON CONFLICT DO NOTHING;
INSERT INTO catalogue_productimage ("id", "product_id", "code", "original", "caption", "display_order", "date_created") VALUES (11, 8, '', 'images/products/2026/01/The_Ordinary_Natural_Moisturizing_Factors__HA.jpg', '', 0, '2026-01-30 21:50:02.881000+00:00') ON CONFLICT DO NOTHING;

-- Data for partner_stockrecord
INSERT INTO partner_stockrecord ("id", "product_id", "partner_id", "partner_sku", "price_currency", "price", "num_in_stock", "num_allocated", "low_stock_threshold", "date_created", "date_updated") VALUES (1, 1, 1, 'SKIN-0001', 'GBP', '12.99', 150, NULL, NULL, '2026-01-30 14:18:51.360000+00:00', '2026-01-30 14:18:51.360000+00:00') ON CONFLICT DO NOTHING;
INSERT INTO partner_stockrecord ("id", "product_id", "partner_id", "partner_sku", "price_currency", "price", "num_in_stock", "num_allocated", "low_stock_threshold", "date_created", "date_updated") VALUES (2, 2, 1, 'SKIN-0002', 'GBP', '18.50', 120, NULL, NULL, '2026-01-30 14:18:51.382000+00:00', '2026-01-30 14:18:51.382000+00:00') ON CONFLICT DO NOTHING;
INSERT INTO partner_stockrecord ("id", "product_id", "partner_id", "partner_sku", "price_currency", "price", "num_in_stock", "num_allocated", "low_stock_threshold", "date_created", "date_updated") VALUES (3, 3, 1, 'SKIN-0003', 'GBP', '8.90', 200, NULL, NULL, '2026-01-30 14:18:51.403000+00:00', '2026-01-30 14:18:51.403000+00:00') ON CONFLICT DO NOTHING;
INSERT INTO partner_stockrecord ("id", "product_id", "partner_id", "partner_sku", "price_currency", "price", "num_in_stock", "num_allocated", "low_stock_threshold", "date_created", "date_updated") VALUES (4, 4, 1, 'SKIN-0004', 'GBP', '10.99', 180, NULL, NULL, '2026-01-30 14:18:51.424000+00:00', '2026-01-30 14:18:51.424000+00:00') ON CONFLICT DO NOTHING;
INSERT INTO partner_stockrecord ("id", "product_id", "partner_id", "partner_sku", "price_currency", "price", "num_in_stock", "num_allocated", "low_stock_threshold", "date_created", "date_updated") VALUES (5, 5, 1, 'SKIN-0005', 'GBP', '15.99', 140, NULL, NULL, '2026-01-30 14:18:51.444000+00:00', '2026-01-30 14:18:51.444000+00:00') ON CONFLICT DO NOTHING;
INSERT INTO partner_stockrecord ("id", "product_id", "partner_id", "partner_sku", "price_currency", "price", "num_in_stock", "num_allocated", "low_stock_threshold", "date_created", "date_updated") VALUES (6, 6, 1, 'SKIN-0006', 'GBP', '22.00', 100, NULL, NULL, '2026-01-30 14:18:51.466000+00:00', '2026-01-30 14:18:51.466000+00:00') ON CONFLICT DO NOTHING;
INSERT INTO partner_stockrecord ("id", "product_id", "partner_id", "partner_sku", "price_currency", "price", "num_in_stock", "num_allocated", "low_stock_threshold", "date_created", "date_updated") VALUES (7, 7, 1, 'SKIN-0007', 'GBP', '16.50', 160, NULL, NULL, '2026-01-30 14:18:51.487000+00:00', '2026-01-30 21:51:16.761000+00:00') ON CONFLICT DO NOTHING;
INSERT INTO partner_stockrecord ("id", "product_id", "partner_id", "partner_sku", "price_currency", "price", "num_in_stock", "num_allocated", "low_stock_threshold", "date_created", "date_updated") VALUES (8, 8, 1, 'SKIN-0008', 'GBP', '7.50', 220, NULL, NULL, '2026-01-30 14:18:51.508000+00:00', '2026-01-30 21:50:02.874000+00:00') ON CONFLICT DO NOTHING;
INSERT INTO partner_stockrecord ("id", "product_id", "partner_id", "partner_sku", "price_currency", "price", "num_in_stock", "num_allocated", "low_stock_threshold", "date_created", "date_updated") VALUES (9, 9, 1, 'SKIN-0009', 'GBP', '24.99', 110, NULL, NULL, '2026-01-30 14:18:51.529000+00:00', '2026-01-30 21:49:44.541000+00:00') ON CONFLICT DO NOTHING;
INSERT INTO partner_stockrecord ("id", "product_id", "partner_id", "partner_sku", "price_currency", "price", "num_in_stock", "num_allocated", "low_stock_threshold", "date_created", "date_updated") VALUES (10, 10, 1, 'SKIN-0010', 'GBP', '19.90', 95, NULL, NULL, '2026-01-30 14:18:51.551000+00:00', '2026-01-30 21:49:30.218000+00:00') ON CONFLICT DO NOTHING;
INSERT INTO partner_stockrecord ("id", "product_id", "partner_id", "partner_sku", "price_currency", "price", "num_in_stock", "num_allocated", "low_stock_threshold", "date_created", "date_updated") VALUES (11, 11, 1, 'SKIN-0011', 'GBP', '21.50', 105, NULL, NULL, '2026-01-30 14:18:51.571000+00:00', '2026-01-30 21:49:21.594000+00:00') ON CONFLICT DO NOTHING;
INSERT INTO partner_stockrecord ("id", "product_id", "partner_id", "partner_sku", "price_currency", "price", "num_in_stock", "num_allocated", "low_stock_threshold", "date_created", "date_updated") VALUES (12, 12, 1, 'SKIN-0012', 'GBP', '14.99', 130, NULL, NULL, '2026-01-30 14:18:51.593000+00:00', '2026-01-30 21:48:16.721000+00:00') ON CONFLICT DO NOTHING;
INSERT INTO partner_stockrecord ("id", "product_id", "partner_id", "partner_sku", "price_currency", "price", "num_in_stock", "num_allocated", "low_stock_threshold", "date_created", "date_updated") VALUES (13, 13, 1, 'SKIN-0013', 'GBP', '32.00', 85, NULL, NULL, '2026-01-30 14:18:51.614000+00:00', '2026-01-30 21:47:59.344000+00:00') ON CONFLICT DO NOTHING;
INSERT INTO partner_stockrecord ("id", "product_id", "partner_id", "partner_sku", "price_currency", "price", "num_in_stock", "num_allocated", "low_stock_threshold", "date_created", "date_updated") VALUES (14, 14, 1, 'SKIN-0014', 'GBP', '8.70', 190, NULL, NULL, '2026-01-30 14:18:51.665000+00:00', '2026-01-30 21:45:55.205000+00:00') ON CONFLICT DO NOTHING;
INSERT INTO partner_stockrecord ("id", "product_id", "partner_id", "partner_sku", "price_currency", "price", "num_in_stock", "num_allocated", "low_stock_threshold", "date_created", "date_updated") VALUES (15, 15, 1, 'SKIN-0015', 'GBP', '18.00', 125, NULL, NULL, '2026-01-30 14:18:51.686000+00:00', '2026-01-30 21:45:33.678000+00:00') ON CONFLICT DO NOTHING;

COMMIT;
-- END OF DUMP
